<?xml version="1.0" encoding="UTF-8"?>
 <SensorDefinition>
  <Configuration>
   <name>SPEED</name>
   <unit>km/h</unit>
   <minValue>0</minValue>
   <maxValue>320</maxValue>
  </Configuration>
  <Configuration>
    <name>RPM</name>
    <unit>rpm</unit>
    <minValue>0</minValue>
    <maxValue>10230</maxValue>
  </Configuration>
  <Configuration>
    <name>RPM_1</name>
    <unit>rpm</unit>
    <minValue>0</minValue>
    <maxValue>20460</maxValue>
  </Configuration>
  <Configuration>
    <name>EXT_5V</name>
    <unit>V</unit>
    <minValue>0</minValue>
    <maxValue>5</maxValue>
  </Configuration>
  <Configuration>
    <name>EGT</name>
    <unit>degC</unit>
    <minValue>0</minValue>
    <maxValue>1093</maxValue>
  </Configuration>
  <Configuration>
    <name>CHT</name>
    <unit>degC</unit>
    <minValue>0</minValue>
    <maxValue>300</maxValue>
  </Configuration>
  <Configuration>
    <name>SIDE_FORCE</name>
    <unit>g</unit>
    <minValue>-2</minValue>
    <maxValue>2</maxValue>
  </Configuration>
  <Configuration>
    <name>SIDE_FORCE_1</name>
    <unit>g</unit>
    <minValue>-1</minValue>
    <maxValue>1</maxValue>
  </Configuration>
  <Configuration>
    <name>SIDE_FORCE_2</name>
    <unit>g</unit>
    <minValue>-0.25</minValue>
    <maxValue>0.25</maxValue>
  </Configuration>
  <Configuration>
    <name>DUTY_CYCLE</name>
    <unit>%</unit>
    <minValue>0</minValue>
    <maxValue>100</maxValue>
  </Configuration>
  <Configuration>
    <name>FREQUENCY</name>
    <unit>Hz</unit>
    <minValue>0</minValue>
    <maxValue>1023</maxValue>
  </Configuration>
  <Configuration>
    <name>MAP</name>
    <unit>kPa</unit>
    <minValue>0</minValue>
    <maxValue>101,4</maxValue>
  </Configuration>
  <Configuration>
    <name>MAP_1</name>
    <unit>kPa</unit>
    <minValue>0</minValue>
    <maxValue>304,1</maxValue>
  </Configuration>
  <Configuration>
    <name>MTX_BOOST</name>
    <unit>BAR</unit>
    <minValue>-1</minValue>
    <maxValue>3</maxValue>
  </Configuration>
  <Configuration>
    <name>VACUUM</name>
    <unit>inHg</unit>
    <minValue>0</minValue>
    <maxValue>30</maxValue>
  </Configuration>
  <Configuration>
    <name>VACUUM/BOOST</name>
    <unit>PSI</unit>
    <minValue>-14.7</minValue>
    <maxValue>29,4</maxValue>
  </Configuration>  
  <Configuration>
    <name>LAMBDA</name>
    <unit></unit>
    <minValue></minValue>
    <maxValue>22.39</maxValue>
  </Configuration>  
 </SensorDefinition>
